pitch_idx,pitch_type,velo,plate_x,plate_z,balls,strikes,hitter,p_swing,p_contact,p_hard_contact,p_hard,alpha,n_similar,xwoba_on_contact
0,SL,84.3,-0.889,1.826,0,0,Shohei Ohtani,0.3026,0.5097,0.3826,0.0588,0.1517,50,
0,SL,84.3,-0.889,1.826,0,0,Aaron Judge,0.1997,0.4591,0.3141,0.0292,0.1288,50,
0,SL,84.3,-0.889,1.826,0,0,Francisco Lindor,0.1943,0.5853,0.3483,0.0417,0.1289,50,
0,SL,84.3,-0.889,1.826,0,0,José Ramírez,0.0936,0.664,0.2461,0.0154,0.1304,50,
0,SL,84.3,-0.889,1.826,0,0,Jackson Merrill,0.3345,0.66,0.3338,0.0721,0.0793,50,
0,SL,84.3,-0.889,1.826,0,0,Munetaka Murakami,0.2584,0.606,0.291,0.0456,0.0,0,
0,SL,84.3,-0.889,1.826,0,0,Kevin McGonigle,0.2605,0.6064,0.2953,0.0478,0.0061,5,
1,SL,85.6,-1.212,2.638,1,0,Shohei Ohtani,0.2317,0.7973,0.1769,0.0341,0.0599,50,
1,SL,85.6,-1.212,2.638,1,0,Aaron Judge,0.1636,0.7904,0.1896,0.0252,0.0384,50,
1,SL,85.6,-1.212,2.638,1,0,Francisco Lindor,0.2113,0.8341,0.1385,0.0289,0.0665,50,
1,SL,85.6,-1.212,2.638,1,0,José Ramírez,0.2057,0.8695,0.0822,0.0198,0.0652,50,
1,SL,85.6,-1.212,2.638,1,0,Jackson Merrill,0.328,0.8733,0.1606,0.0483,0.0281,21,
1,SL,85.6,-1.212,2.638,1,0,Munetaka Murakami,0.1917,0.8552,0.0714,0.0117,0.0,0,
1,SL,85.6,-1.212,2.638,1,0,Kevin McGonigle,0.1917,0.8552,0.0714,0.0117,0.0,0,
2,FC,89.9,-0.035,2.856,1,1,Shohei Ohtani,0.8468,0.8443,0.5756,0.4176,0.1248,50,
2,FC,89.9,-0.035,2.856,1,1,Aaron Judge,0.7675,0.849,0.6503,0.4238,0.0974,50,
2,FC,89.9,-0.035,2.856,1,1,Francisco Lindor,0.8816,0.8791,0.5253,0.4085,0.1254,50,
2,FC,89.9,-0.035,2.856,1,1,José Ramírez,0.8509,0.9136,0.4619,0.3592,0.1209,50,
2,FC,89.9,-0.035,2.856,1,1,Jackson Merrill,0.8912,0.8853,0.5241,0.4133,0.0612,40,
2,FC,89.9,-0.035,2.856,1,1,Munetaka Murakami,0.8518,0.8694,0.421,0.3118,0.0,0,
2,FC,89.9,-0.035,2.856,1,1,Kevin McGonigle,0.8512,0.8691,0.4193,0.3105,0.0041,7,
3,FC,89.0,0.405,1.956,1,2,Shohei Ohtani,0.9087,0.8804,0.5657,0.4526,0.0619,50,
3,FC,89.0,0.405,1.956,1,2,Aaron Judge,0.8733,0.8747,0.5438,0.4141,0.0663,50,
3,FC,89.0,0.405,1.956,1,2,Francisco Lindor,0.9365,0.8973,0.4148,0.3486,0.0702,50,
3,FC,89.0,0.405,1.956,1,2,José Ramírez,0.9198,0.9319,0.3701,0.3198,0.0598,50,
3,FC,89.0,0.405,1.956,1,2,Jackson Merrill,0.9344,0.9079,0.4233,0.3591,0.0085,14,
3,FC,89.0,0.405,1.956,1,2,Munetaka Murakami,0.9154,0.878,0.3488,0.2803,0.0,0,
3,FC,89.0,0.405,1.956,1,2,Kevin McGonigle,0.9156,0.8777,0.348,0.2797,0.0023,4,
4,FC,90.4,-0.329,2.554,1,2,Shohei Ohtani,0.9492,0.9174,0.6246,0.5442,0.0597,50,
4,FC,90.4,-0.329,2.554,1,2,Aaron Judge,0.9254,0.9115,0.6328,0.534,0.0619,50,
4,FC,90.4,-0.329,2.554,1,2,Francisco Lindor,0.9647,0.9139,0.4653,0.4115,0.0889,50,
4,FC,90.4,-0.329,2.554,1,2,José Ramírez,0.956,0.9344,0.3646,0.3299,0.0822,50,
4,FC,90.4,-0.329,2.554,1,2,Jackson Merrill,0.9675,0.9368,0.4901,0.4448,0.0195,21,
4,FC,90.4,-0.329,2.554,1,2,Munetaka Murakami,0.9475,0.9247,0.3488,0.3056,0.0,0,
4,FC,90.4,-0.329,2.554,1,2,Kevin McGonigle,0.9476,0.9248,0.3481,0.305,0.0019,2,
5,FC,90.8,0.545,1.821,0,0,Shohei Ohtani,0.4302,0.7848,0.3584,0.1259,0.1091,50,
5,FC,90.8,0.545,1.821,0,0,Aaron Judge,0.3611,0.7658,0.2784,0.0762,0.1445,50,
5,FC,90.8,0.545,1.821,0,0,Francisco Lindor,0.3115,0.8267,0.2968,0.0812,0.1149,50,
5,FC,90.8,0.545,1.821,0,0,José Ramírez,0.1801,0.86,0.3363,0.0587,0.1203,50,
5,FC,90.8,0.545,1.821,0,0,Jackson Merrill,0.4758,0.8171,0.2617,0.1015,0.0692,50,
5,FC,90.8,0.545,1.821,0,0,Munetaka Murakami,0.4672,0.7846,0.2455,0.09,0.0,0,
5,FC,90.8,0.545,1.821,0,0,Kevin McGonigle,0.4686,0.7847,0.2497,0.0927,0.0056,7,
6,CH,83.9,0.038,2.214,0,1,Shohei Ohtani,0.8422,0.8157,0.5909,0.4085,0.0267,23,
6,CH,83.9,0.038,2.214,0,1,Aaron Judge,0.733,0.7223,0.5845,0.3174,0.0691,50,
6,CH,83.9,0.038,2.214,0,1,Francisco Lindor,0.9015,0.874,0.4663,0.367,0.1023,50,
6,CH,83.9,0.038,2.214,0,1,José Ramírez,0.8324,0.8664,0.4106,0.2958,0.0848,50,
6,CH,83.9,0.038,2.214,0,1,Jackson Merrill,0.9047,0.8633,0.4901,0.3824,0.0045,3,
6,CH,83.9,0.038,2.214,0,1,Munetaka Murakami,0.8919,0.8627,0.4056,0.3121,0.0,0,
6,CH,83.9,0.038,2.214,0,1,Kevin McGonigle,0.892,0.8628,0.4054,0.3119,0.0006,1,
7,CH,84.2,0.727,1.834,1,1,Shohei Ohtani,0.8647,0.6459,0.1559,0.0902,0.0457,31,
7,CH,84.2,0.727,1.834,1,1,Aaron Judge,0.7347,0.5375,0.1728,0.0672,0.1051,50,
7,CH,84.2,0.727,1.834,1,1,Francisco Lindor,0.8708,0.7183,0.1419,0.0878,0.1036,50,
7,CH,84.2,0.727,1.834,1,1,José Ramírez,0.8425,0.713,0.0838,0.0504,0.1102,50,
7,CH,84.2,0.727,1.834,1,1,Jackson Merrill,0.8929,0.6839,0.1332,0.0813,0.0095,6,
7,CH,84.2,0.727,1.834,1,1,Munetaka Murakami,0.8647,0.6841,0.0885,0.0523,0.0,0,
7,CH,84.2,0.727,1.834,1,1,Kevin McGonigle,0.8621,0.6807,0.0881,0.052,0.0049,6,
8,SL,86.1,-0.766,2.195,1,2,Shohei Ohtani,0.9271,0.8634,0.3824,0.3073,0.1057,50,
8,SL,86.1,-0.766,2.195,1,2,Aaron Judge,0.8733,0.8121,0.4294,0.304,0.0625,50,
8,SL,86.1,-0.766,2.195,1,2,Francisco Lindor,0.9391,0.8868,0.3165,0.2634,0.0878,50,
8,SL,86.1,-0.766,2.195,1,2,José Ramírez,0.9423,0.9255,0.2348,0.2044,0.0817,50,
8,SL,86.1,-0.766,2.195,1,2,Jackson Merrill,0.9363,0.9051,0.348,0.2954,0.0544,39,
8,SL,86.1,-0.766,2.195,1,2,Munetaka Murakami,0.9164,0.8978,0.2481,0.2042,0.0,0,
8,SL,86.1,-0.766,2.195,1,2,Kevin McGonigle,0.916,0.8971,0.2477,0.2038,0.0018,3,
9,FC,89.4,-0.119,2.15,0,0,Shohei Ohtani,0.584,0.8878,0.6353,0.3263,0.1511,50,
9,FC,89.4,-0.119,2.15,0,0,Aaron Judge,0.4888,0.8921,0.6383,0.2784,0.141,50,
9,FC,89.4,-0.119,2.15,0,0,Francisco Lindor,0.4176,0.924,0.5879,0.2357,0.1763,50,
9,FC,89.4,-0.119,2.15,0,0,José Ramírez,0.2443,0.9344,0.4861,0.1103,0.175,50,
9,FC,89.4,-0.119,2.15,0,0,Jackson Merrill,0.5883,0.9097,0.5538,0.2957,0.0763,50,
9,FC,89.4,-0.119,2.15,0,0,Munetaka Murakami,0.6068,0.8978,0.4713,0.2568,0.0,0,
9,FC,89.4,-0.119,2.15,0,0,Kevin McGonigle,0.6078,0.8974,0.4749,0.2593,0.0068,8,
10,FF,93.3,-0.376,2.48,1,0,Shohei Ohtani,0.6043,0.8888,0.6711,0.364,0.1442,50,
10,FF,93.3,-0.376,2.48,1,0,Aaron Judge,0.5557,0.9131,0.6883,0.3481,0.1341,50,
10,FF,93.3,-0.376,2.48,1,0,Francisco Lindor,0.6581,0.9247,0.6038,0.3675,0.1726,50,
10,FF,93.3,-0.376,2.48,1,0,José Ramírez,0.64,0.9557,0.4708,0.2822,0.1966,50,
10,FF,93.3,-0.376,2.48,1,0,Jackson Merrill,0.74,0.9227,0.6276,0.4284,0.0641,50,
10,FF,93.3,-0.376,2.48,1,0,Munetaka Murakami,0.7219,0.9247,0.4923,0.3286,0.0,0,
10,FF,93.3,-0.376,2.48,1,0,Kevin McGonigle,0.7215,0.9248,0.4914,0.328,0.0018,4,
11,FF,93.0,0.011,2.065,1,1,Shohei Ohtani,0.7333,0.9077,0.7817,0.5131,0.1106,50,
11,FF,93.0,0.011,2.065,1,1,Aaron Judge,0.6776,0.9323,0.7338,0.4614,0.1005,50,
11,FF,93.0,0.011,2.065,1,1,Francisco Lindor,0.766,0.941,0.6621,0.4778,0.1302,50,
11,FF,93.0,0.011,2.065,1,1,José Ramírez,0.7575,0.9454,0.5904,0.4225,0.1528,50,
11,FF,93.0,0.011,2.065,1,1,Jackson Merrill,0.7681,0.9223,0.6582,0.4664,0.0497,50,
11,FF,93.0,0.011,2.065,1,1,Munetaka Murakami,0.8028,0.922,0.5638,0.4173,0.0,0,
11,FF,93.0,0.011,2.065,1,1,Kevin McGonigle,0.8023,0.9221,0.563,0.4167,0.0015,2,
12,FF,91.6,0.644,3.218,1,2,Shohei Ohtani,0.9382,0.8331,0.6094,0.4772,0.0748,50,
12,FF,91.6,0.644,3.218,1,2,Aaron Judge,0.9176,0.8417,0.6265,0.4839,0.0782,50,
12,FF,91.6,0.644,3.218,1,2,Francisco Lindor,0.9519,0.8604,0.5094,0.417,0.1085,50,
12,FF,91.6,0.644,3.218,1,2,José Ramírez,0.9416,0.8832,0.4023,0.335,0.1403,50,
12,FF,91.6,0.644,3.218,1,2,Jackson Merrill,0.9555,0.8451,0.5966,0.4821,0.0294,40,
12,FF,91.6,0.644,3.218,1,2,Munetaka Murakami,0.9421,0.8242,0.3819,0.2966,0.0,0,
12,FF,91.6,0.644,3.218,1,2,Kevin McGonigle,0.9425,0.8253,0.3795,0.2947,0.0064,5,
13,FC,90.3,-0.048,2.231,0,0,Shohei Ohtani,0.6058,0.8892,0.6423,0.3434,0.1438,50,
13,FC,90.3,-0.048,2.231,0,0,Aaron Judge,0.5111,0.8909,0.6676,0.3042,0.1343,50,
13,FC,90.3,-0.048,2.231,0,0,Francisco Lindor,0.4168,0.9297,0.6007,0.2391,0.1598,50,
13,FC,90.3,-0.048,2.231,0,0,José Ramírez,0.2651,0.9373,0.4737,0.1177,0.1532,50,
13,FC,90.3,-0.048,2.231,0,0,Jackson Merrill,0.6043,0.9114,0.5554,0.3054,0.0795,50,
13,FC,90.3,-0.048,2.231,0,0,Munetaka Murakami,0.62,0.9078,0.4737,0.2666,0.0,0,
13,FC,90.3,-0.048,2.231,0,0,Kevin McGonigle,0.6212,0.9074,0.4778,0.2697,0.0078,9,
14,SL,84.3,-0.468,2.107,0,1,Shohei Ohtani,0.8493,0.828,0.5095,0.3683,0.0962,50,
14,SL,84.3,-0.468,2.107,0,1,Aaron Judge,0.7658,0.7819,0.5934,0.3526,0.0698,50,
14,SL,84.3,-0.468,2.107,0,1,Francisco Lindor,0.914,0.8769,0.448,0.3588,0.0826,50,
14,SL,84.3,-0.468,2.107,0,1,José Ramírez,0.8498,0.9097,0.4136,0.3202,0.0843,50,
14,SL,84.3,-0.468,2.107,0,1,Jackson Merrill,0.9077,0.8887,0.486,0.3937,0.0431,39,
14,SL,84.3,-0.468,2.107,0,1,Munetaka Murakami,0.9043,0.8893,0.4056,0.3262,0.0,0,
14,SL,84.3,-0.468,2.107,0,1,Kevin McGonigle,0.9045,0.8878,0.4049,0.3256,0.0017,2,
15,FC,90.2,-0.181,2.4,0,2,Shohei Ohtani,0.9451,0.929,0.6228,0.5473,0.0395,45,
15,FC,90.2,-0.181,2.4,0,2,Aaron Judge,0.9242,0.9187,0.6343,0.5387,0.0343,48,
15,FC,90.2,-0.181,2.4,0,2,Francisco Lindor,0.9656,0.9397,0.4689,0.4257,0.0533,50,
15,FC,90.2,-0.181,2.4,0,2,José Ramírez,0.9672,0.9521,0.4281,0.3938,0.0464,50,
15,FC,90.2,-0.181,2.4,0,2,Jackson Merrill,0.9677,0.9397,0.5169,0.4702,0.0135,15,
15,FC,90.2,-0.181,2.4,0,2,Munetaka Murakami,0.97,0.932,0.4056,0.3667,0.0,0,
15,FC,90.2,-0.181,2.4,0,2,Kevin McGonigle,0.97,0.932,0.4056,0.3667,0.0,0,
16,FC,90.3,-0.815,1.74,0,3,Shohei Ohtani,0.6802,0.8335,0.3615,0.2176,0.1751,50,
16,FC,90.3,-0.815,1.74,0,3,Aaron Judge,0.5826,0.7282,0.3557,0.1806,0.1552,50,
16,FC,90.3,-0.815,1.74,0,3,Francisco Lindor,0.7378,0.8395,0.3445,0.2136,0.2028,50,
16,FC,90.3,-0.815,1.74,0,3,José Ramírez,0.6486,0.8947,0.2967,0.1716,0.1886,50,
16,FC,90.3,-0.815,1.74,0,3,Jackson Merrill,0.7737,0.8496,0.3548,0.2327,0.0854,50,
16,FC,90.3,-0.815,1.74,0,3,Munetaka Murakami,0.7569,0.8286,0.2652,0.1663,0.0,0,
16,FC,90.3,-0.815,1.74,0,3,Kevin McGonigle,0.7575,0.829,0.2654,0.1667,0.0024,6,
17,FC,92.9,0.817,1.873,0,0,Shohei Ohtani,0.4119,0.7384,0.1915,0.0634,0.0997,50,
17,FC,92.9,0.817,1.873,0,0,Aaron Judge,0.3632,0.7267,0.106,0.0276,0.1221,50,
17,FC,92.9,0.817,1.873,0,0,Francisco Lindor,0.3028,0.7947,0.1613,0.0448,0.1209,50,
17,FC,92.9,0.817,1.873,0,0,José Ramírez,0.2001,0.8461,0.1622,0.033,0.1246,50,
17,FC,92.9,0.817,1.873,0,0,Jackson Merrill,0.4683,0.8076,0.1425,0.0565,0.0674,50,
17,FC,92.9,0.817,1.873,0,0,Munetaka Murakami,0.4582,0.7403,0.0841,0.0285,0.0,0,
17,FC,92.9,0.817,1.873,0,0,Kevin McGonigle,0.4592,0.7403,0.0837,0.0284,0.0049,6,
18,CH,82.9,0.086,1.465,1,0,Shohei Ohtani,0.5993,0.4657,0.3563,0.1001,0.0379,25,
18,CH,82.9,0.086,1.465,1,0,Aaron Judge,0.4101,0.3804,0.3131,0.0491,0.1024,50,
18,CH,82.9,0.086,1.465,1,0,Francisco Lindor,0.6254,0.5928,0.3482,0.1293,0.1071,50,
18,CH,82.9,0.086,1.465,1,0,José Ramírez,0.584,0.5891,0.2832,0.1043,0.1036,50,
18,CH,82.9,0.086,1.465,1,0,Jackson Merrill,0.7434,0.5398,0.3484,0.1395,0.0012,1,
18,CH,82.9,0.086,1.465,1,0,Munetaka Murakami,0.6736,0.5254,0.2455,0.0869,0.0,0,
18,CH,82.9,0.086,1.465,1,0,Kevin McGonigle,0.6741,0.5247,0.2452,0.0868,0.0014,1,
19,SL,83.3,-1.531,2.052,1,1,Shohei Ohtani,0.2051,0.4034,0.1141,0.012,0.0683,50,
19,SL,83.3,-1.531,2.052,1,1,Aaron Judge,0.1478,0.2973,0.1158,0.0106,0.0315,50,
19,SL,83.3,-1.531,2.052,1,1,Francisco Lindor,0.2197,0.4694,0.1005,0.0181,0.0489,50,
19,SL,83.3,-1.531,2.052,1,1,José Ramírez,0.1801,0.4827,0.0276,0.0053,0.0454,50,
19,SL,83.3,-1.531,2.052,1,1,Jackson Merrill,0.221,0.5011,0.096,0.014,0.0183,19,
19,SL,83.3,-1.531,2.052,1,1,Munetaka Murakami,0.1581,0.3993,0.0362,0.0023,0.0,0,
19,SL,83.3,-1.531,2.052,1,1,Kevin McGonigle,0.158,0.3989,0.0362,0.0023,0.0009,1,
20,CH,83.2,0.163,1.262,0,0,Shohei Ohtani,0.4577,0.252,0.2523,0.0292,0.0161,23,
20,CH,83.2,0.163,1.262,0,0,Aaron Judge,0.3348,0.1942,0.1778,0.0112,0.1214,50,
20,CH,83.2,0.163,1.262,0,0,Francisco Lindor,0.3677,0.4099,0.2723,0.0421,0.1053,50,
20,CH,83.2,0.163,1.262,0,0,José Ramírez,0.1793,0.4585,0.1312,0.0101,0.1477,50,
20,CH,83.2,0.163,1.262,0,0,Jackson Merrill,0.5053,0.3385,0.2114,0.0361,0.0006,1,
20,CH,83.2,0.163,1.262,0,0,Munetaka Murakami,0.4895,0.3197,0.1539,0.0241,0.0,0,
20,CH,83.2,0.163,1.262,0,0,Kevin McGonigle,0.4906,0.319,0.1536,0.024,0.0022,2,
21,FF,91.5,-0.036,3.22,1,0,Shohei Ohtani,0.7263,0.815,0.6741,0.3996,0.12,50,
21,FF,91.5,-0.036,3.22,1,0,Aaron Judge,0.6363,0.8086,0.663,0.3403,0.1224,50,
21,FF,91.5,-0.036,3.22,1,0,Francisco Lindor,0.7254,0.8486,0.575,0.3546,0.1545,50,
21,FF,91.5,-0.036,3.22,1,0,José Ramírez,0.703,0.8735,0.4371,0.2683,0.1615,50,
21,FF,91.5,-0.036,3.22,1,0,Jackson Merrill,0.8166,0.8167,0.6338,0.4226,0.0513,50,
21,FF,91.5,-0.036,3.22,1,0,Munetaka Murakami,0.7854,0.8155,0.438,0.2805,0.0,0,
21,FF,91.5,-0.036,3.22,1,0,Kevin McGonigle,0.7851,0.8157,0.4375,0.2802,0.0012,2,
22,FC,89.2,-0.247,1.781,1,1,Shohei Ohtani,0.8406,0.8337,0.601,0.4225,0.0641,50,
22,FC,89.2,-0.247,1.781,1,1,Aaron Judge,0.743,0.8136,0.5905,0.3615,0.0899,50,
22,FC,89.2,-0.247,1.781,1,1,Francisco Lindor,0.8705,0.8638,0.5026,0.3783,0.1001,50,
22,FC,89.2,-0.247,1.781,1,1,José Ramírez,0.8467,0.891,0.463,0.3494,0.1078,50,
22,FC,89.2,-0.247,1.781,1,1,Jackson Merrill,0.8737,0.8618,0.546,0.4104,0.0352,25,
22,FC,89.2,-0.247,1.781,1,1,Munetaka Murakami,0.8647,0.8424,0.438,0.3191,0.0,0,
22,FC,89.2,-0.247,1.781,1,1,Kevin McGonigle,0.8637,0.8415,0.4368,0.3182,0.0027,4,
23,FF,91.2,-0.112,2.916,2,1,Shohei Ohtani,0.9019,0.8699,0.6946,0.5434,0.0765,50,
23,FF,91.2,-0.112,2.916,2,1,Aaron Judge,0.9051,0.8974,0.7319,0.5928,0.0819,50,
23,FF,91.2,-0.112,2.916,2,1,Francisco Lindor,0.9262,0.8975,0.5785,0.4806,0.1206,50,
23,FF,91.2,-0.112,2.916,2,1,José Ramírez,0.9319,0.9347,0.4867,0.424,0.1224,50,
23,FF,91.2,-0.112,2.916,2,1,Jackson Merrill,0.9654,0.8861,0.6138,0.526,0.0462,36,
23,FF,91.2,-0.112,2.916,2,1,Munetaka Murakami,0.9332,0.8879,0.4923,0.408,0.0,0,
23,FF,91.2,-0.112,2.916,2,1,Kevin McGonigle,0.9339,0.8836,0.4979,0.409,0.0111,4,
24,FC,92.0,-0.584,3.227,2,2,Shohei Ohtani,0.8477,0.8604,0.412,0.3,0.0505,50,
24,FC,92.0,-0.584,3.227,2,2,Aaron Judge,0.8439,0.8624,0.4222,0.3106,0.0496,50,
24,FC,92.0,-0.584,3.227,2,2,Francisco Lindor,0.886,0.8611,0.3014,0.2287,0.0779,50,
24,FC,92.0,-0.584,3.227,2,2,José Ramírez,0.8801,0.873,0.2317,0.1781,0.0795,50,
24,FC,92.0,-0.584,3.227,2,2,Jackson Merrill,0.9315,0.8662,0.2986,0.2395,0.0239,20,
24,FC,92.0,-0.584,3.227,2,2,Munetaka Murakami,0.8763,0.8552,0.2024,0.1516,0.0,0,
24,FC,92.0,-0.584,3.227,2,2,Kevin McGonigle,0.8763,0.8552,0.2024,0.1516,0.0,0,
25,FF,92.2,0.004,2.288,0,0,Shohei Ohtani,0.5037,0.9168,0.7418,0.3425,0.2111,50,
25,FF,92.2,0.004,2.288,0,0,Aaron Judge,0.4122,0.9496,0.7597,0.2992,0.1772,50,
25,FF,92.2,0.004,2.288,0,0,Francisco Lindor,0.3765,0.9537,0.5802,0.2011,0.2423,50,
25,FF,92.2,0.004,2.288,0,0,José Ramírez,0.2472,0.9231,0.5425,0.1209,0.2239,50,
25,FF,92.2,0.004,2.288,0,0,Jackson Merrill,0.5235,0.9157,0.6603,0.3186,0.0905,50,
25,FF,92.2,0.004,2.288,0,0,Munetaka Murakami,0.5516,0.9322,0.5679,0.292,0.0,0,
25,FF,92.2,0.004,2.288,0,0,Kevin McGonigle,0.5544,0.9305,0.5745,0.2967,0.0153,15,
26,SL,83.9,0.227,0.868,0,1,Shohei Ohtani,0.5462,0.2245,0.1177,0.0141,0.0676,50,
26,SL,83.9,0.227,0.868,0,1,Aaron Judge,0.3766,0.1201,0.0961,0.0046,0.0898,50,
26,SL,83.9,0.227,0.868,0,1,Francisco Lindor,0.623,0.3812,0.1341,0.0353,0.0739,50,
26,SL,83.9,0.227,0.868,0,1,José Ramírez,0.5004,0.3907,0.1011,0.0221,0.0751,50,
26,SL,83.9,0.227,0.868,0,1,Jackson Merrill,0.6262,0.4971,0.1246,0.0392,0.0229,37,
26,SL,83.9,0.227,0.868,0,1,Munetaka Murakami,0.5516,0.2513,0.0362,0.005,0.0,0,
26,SL,83.9,0.227,0.868,0,1,Kevin McGonigle,0.5544,0.2497,0.036,0.005,0.0062,4,
27,FF,93.6,-0.451,3.118,0,0,Shohei Ohtani,0.489,0.8387,0.6047,0.2465,0.2015,50,
27,FF,93.6,-0.451,3.118,0,0,Aaron Judge,0.5101,0.86,0.5677,0.252,0.2007,50,
27,FF,93.6,-0.451,3.118,0,0,Francisco Lindor,0.3843,0.8033,0.4305,0.1318,0.2348,50,
27,FF,93.6,-0.451,3.118,0,0,José Ramírez,0.2657,0.8756,0.3809,0.0948,0.2297,50,
27,FF,93.6,-0.451,3.118,0,0,Jackson Merrill,0.5395,0.8327,0.4965,0.2213,0.1051,50,
27,FF,93.6,-0.451,3.118,0,0,Munetaka Murakami,0.5436,0.8286,0.3123,0.1407,0.0,0,
27,FF,93.6,-0.451,3.118,0,0,Kevin McGonigle,0.5474,0.8289,0.3156,0.1443,0.0115,16,
28,CH,84.4,0.248,1.085,0,1,Shohei Ohtani,0.5027,0.3758,0.1752,0.0334,0.0234,19,
28,CH,84.4,0.248,1.085,0,1,Aaron Judge,0.4006,0.2632,0.1293,0.0147,0.0926,50,
28,CH,84.4,0.248,1.085,0,1,Francisco Lindor,0.6003,0.5918,0.1595,0.0561,0.0925,50,
28,CH,84.4,0.248,1.085,0,1,José Ramírez,0.4757,0.5565,0.1279,0.0324,0.1239,50,
28,CH,84.4,0.248,1.085,0,1,Jackson Merrill,0.6204,0.5421,0.1624,0.0543,0.0062,3,
28,CH,84.4,0.248,1.085,0,1,Munetaka Murakami,0.5516,0.4212,0.0841,0.0195,0.0,0,
28,CH,84.4,0.248,1.085,0,1,Kevin McGonigle,0.5524,0.4222,0.0839,0.0195,0.0018,1,
29,FF,93.4,0.243,3.532,1,1,Shohei Ohtani,0.8901,0.6689,0.6647,0.3959,0.1406,50,
29,FF,93.4,0.243,3.532,1,1,Aaron Judge,0.8414,0.7065,0.6813,0.4061,0.1106,50,
29,FF,93.4,0.243,3.532,1,1,Francisco Lindor,0.8683,0.7404,0.4734,0.3017,0.1399,50,
29,FF,93.4,0.243,3.532,1,1,José Ramírez,0.8553,0.7854,0.4125,0.2758,0.1237,50,
29,FF,93.4,0.243,3.532,1,1,Jackson Merrill,0.9096,0.6902,0.5524,0.3462,0.0601,50,
29,FF,93.4,0.243,3.532,1,1,Munetaka Murakami,0.8912,0.6647,0.4056,0.2403,0.0,0,
29,FF,93.4,0.243,3.532,1,1,Kevin McGonigle,0.8907,0.6652,0.4075,0.2415,0.0032,8,
30,FF,93.3,-0.591,3.017,0,0,Shohei Ohtani,0.3588,0.8718,0.5373,0.1672,0.1886,50,
30,FF,93.3,-0.591,3.017,0,0,Aaron Judge,0.3716,0.8917,0.4998,0.1693,0.1701,50,
30,FF,93.3,-0.591,3.017,0,0,Francisco Lindor,0.2711,0.8875,0.4262,0.1051,0.2029,50,
30,FF,93.3,-0.591,3.017,0,0,José Ramírez,0.1986,0.9027,0.3537,0.0667,0.2205,50,
30,FF,93.3,-0.591,3.017,0,0,Jackson Merrill,0.3919,0.8683,0.431,0.1465,0.0871,50,
30,FF,93.3,-0.591,3.017,0,0,Munetaka Murakami,0.3899,0.878,0.3067,0.105,0.0,0,
30,FF,93.3,-0.591,3.017,0,0,Kevin McGonigle,0.3941,0.879,0.3126,0.1117,0.0085,9,
31,SL,84.4,-0.334,2.323,0,1,Shohei Ohtani,0.8247,0.8646,0.5426,0.3929,0.1021,50,
31,SL,84.4,-0.334,2.323,0,1,Aaron Judge,0.7405,0.8455,0.6234,0.3899,0.0864,50,
31,SL,84.4,-0.334,2.323,0,1,Francisco Lindor,0.9005,0.9092,0.4839,0.3974,0.0993,50,
31,SL,84.4,-0.334,2.323,0,1,José Ramírez,0.8246,0.9306,0.4089,0.3142,0.0934,50,
31,SL,84.4,-0.334,2.323,0,1,Jackson Merrill,0.8949,0.9158,0.5027,0.4139,0.0366,40,
31,SL,84.4,-0.334,2.323,0,1,Munetaka Murakami,0.8912,0.914,0.4056,0.3304,0.0,0,
31,SL,84.4,-0.334,2.323,0,1,Kevin McGonigle,0.8914,0.9124,0.4049,0.3298,0.0017,2,
32,CH,83.8,-0.116,2.237,1,1,Shohei Ohtani,0.9097,0.8204,0.5759,0.4281,0.0346,45,
32,CH,83.8,-0.116,2.237,1,1,Aaron Judge,0.8214,0.7597,0.5902,0.3706,0.0688,50,
32,CH,83.8,-0.116,2.237,1,1,Francisco Lindor,0.9173,0.8704,0.4813,0.3851,0.0805,50,
32,CH,83.8,-0.116,2.237,1,1,José Ramírez,0.9095,0.8722,0.4156,0.3306,0.0678,50,
32,CH,83.8,-0.116,2.237,1,1,Jackson Merrill,0.9203,0.8617,0.489,0.388,0.0068,7,
32,CH,83.8,-0.116,2.237,1,1,Munetaka Murakami,0.9198,0.8726,0.438,0.3515,0.0,0,
32,CH,83.8,-0.116,2.237,1,1,Kevin McGonigle,0.918,0.8696,0.4365,0.3503,0.0034,5,
33,FC,89.6,-0.283,2.28,2,1,Shohei Ohtani,0.9016,0.9069,0.6667,0.5445,0.0869,50,
33,FC,89.6,-0.283,2.28,2,1,Aaron Judge,0.8872,0.915,0.659,0.5359,0.0829,50,
33,FC,89.6,-0.283,2.28,2,1,Francisco Lindor,0.9077,0.9242,0.4942,0.4202,0.1182,50,
33,FC,89.6,-0.283,2.28,2,1,José Ramírez,0.9315,0.9553,0.4827,0.4297,0.1009,50,
33,FC,89.6,-0.283,2.28,2,1,Jackson Merrill,0.9546,0.9299,0.5679,0.5035,0.0256,23,
33,FC,89.6,-0.283,2.28,2,1,Munetaka Murakami,0.9266,0.9247,0.4713,0.4038,0.0,0,
33,FC,89.6,-0.283,2.28,2,1,Kevin McGonigle,0.9266,0.9247,0.4713,0.4038,0.0,0,
34,SL,85.2,-0.395,2.035,0,0,Shohei Ohtani,0.5548,0.7153,0.5998,0.2376,0.1614,50,
34,SL,85.2,-0.395,2.035,0,0,Aaron Judge,0.3797,0.7036,0.6319,0.1679,0.137,50,
34,SL,85.2,-0.395,2.035,0,0,Francisco Lindor,0.3925,0.7816,0.4482,0.1376,0.1617,50,
34,SL,85.2,-0.395,2.035,0,0,José Ramírez,0.2292,0.8566,0.4399,0.0881,0.1338,50,
34,SL,85.2,-0.395,2.035,0,0,Jackson Merrill,0.5924,0.8291,0.5314,0.2607,0.0828,50,
34,SL,85.2,-0.395,2.035,0,0,Munetaka Murakami,0.5748,0.8181,0.4232,0.199,0.0,0,
34,SL,85.2,-0.395,2.035,0,0,Kevin McGonigle,0.575,0.8168,0.428,0.2007,0.0084,5,
35,FF,92.8,0.018,2.325,0,1,Shohei Ohtani,0.7701,0.895,0.7623,0.5262,0.1226,50,
35,FF,92.8,0.018,2.325,0,1,Aaron Judge,0.7421,0.9223,0.7664,0.5239,0.1003,50,
35,FF,92.8,0.018,2.325,0,1,Francisco Lindor,0.8733,0.9388,0.6352,0.5203,0.1515,50,
35,FF,92.8,0.018,2.325,0,1,José Ramírez,0.8248,0.9245,0.5182,0.4,0.1336,50,
35,FF,92.8,0.018,2.325,0,1,Jackson Merrill,0.8738,0.9194,0.6766,0.5445,0.0323,50,
35,FF,92.8,0.018,2.325,0,1,Munetaka Murakami,0.8912,0.916,0.5371,0.4385,0.0,0,
35,FF,92.8,0.018,2.325,0,1,Kevin McGonigle,0.8908,0.9131,0.5308,0.4333,0.0118,7,
36,SL,82.9,-0.019,2.016,0,2,Shohei Ohtani,0.93,0.861,0.528,0.4235,0.0738,50,
36,SL,82.9,-0.019,2.016,0,2,Aaron Judge,0.8676,0.8059,0.5477,0.3854,0.0425,50,
36,SL,82.9,-0.019,2.016,0,2,Francisco Lindor,0.9538,0.8958,0.4387,0.3746,0.076,50,
36,SL,82.9,-0.019,2.016,0,2,José Ramírez,0.9555,0.9198,0.3561,0.3127,0.0755,50,
36,SL,82.9,-0.019,2.016,0,2,Jackson Merrill,0.9642,0.9244,0.4942,0.4403,0.0118,19,
36,SL,82.9,-0.019,2.016,0,2,Munetaka Murakami,0.9577,0.8893,0.3605,0.307,0.0,0,
36,SL,82.9,-0.019,2.016,0,2,Kevin McGonigle,0.9577,0.8889,0.3603,0.3068,0.0005,1,
37,CH,85.0,0.671,1.697,0,2,Shohei Ohtani,0.8879,0.7059,0.2075,0.1288,0.0201,17,
37,CH,85.0,0.671,1.697,0,2,Aaron Judge,0.8017,0.5936,0.2066,0.0975,0.0323,40,
37,CH,85.0,0.671,1.697,0,2,Francisco Lindor,0.9281,0.7738,0.1672,0.1195,0.0609,50,
37,CH,85.0,0.671,1.697,0,2,José Ramírez,0.8926,0.7893,0.1464,0.0969,0.0617,48,
37,CH,85.0,0.671,1.697,0,2,Jackson Merrill,0.9346,0.7972,0.1631,0.1218,0.0016,1,
37,CH,85.0,0.671,1.697,0,2,Munetaka Murakami,0.9164,0.7403,0.1207,0.0819,0.0,0,
37,CH,85.0,0.671,1.697,0,2,Kevin McGonigle,0.9165,0.7392,0.1205,0.0818,0.0015,1,
38,FF,92.6,0.109,3.601,0,3,Shohei Ohtani,0.9259,0.7673,0.6718,0.4743,0.2381,50,
38,FF,92.6,0.109,3.601,0,3,Aaron Judge,0.9116,0.7989,0.7171,0.5217,0.259,50,
38,FF,92.6,0.109,3.601,0,3,Francisco Lindor,0.8668,0.8352,0.5332,0.3747,0.2629,50,
38,FF,92.6,0.109,3.601,0,3,José Ramírez,0.8594,0.8822,0.4132,0.31,0.2769,50,
38,FF,92.6,0.109,3.601,0,3,Jackson Merrill,0.9313,0.8057,0.5424,0.4069,0.1645,50,
38,FF,92.6,0.109,3.601,0,3,Munetaka Murakami,0.9421,0.7746,0.3488,0.2545,0.0,0,
38,FF,92.6,0.109,3.601,0,3,Kevin McGonigle,0.9378,0.7737,0.3585,0.259,0.0351,44,
39,FC,91.1,-0.146,2.558,0,0,Shohei Ohtani,0.6022,0.8955,0.6191,0.332,0.1495,50,
39,FC,91.1,-0.146,2.558,0,0,Aaron Judge,0.5076,0.8936,0.6575,0.2995,0.146,50,
39,FC,91.1,-0.146,2.558,0,0,Francisco Lindor,0.4134,0.9,0.5695,0.2106,0.1664,50,
39,FC,91.1,-0.146,2.558,0,0,José Ramírez,0.2634,0.9409,0.4207,0.1039,0.1649,50,
39,FC,91.1,-0.146,2.558,0,0,Jackson Merrill,0.6126,0.9162,0.5364,0.3009,0.0898,50,
39,FC,91.1,-0.146,2.558,0,0,Munetaka Murakami,0.62,0.9078,0.4699,0.2644,0.0,0,
39,FC,91.1,-0.146,2.558,0,0,Kevin McGonigle,0.6225,0.9076,0.4746,0.2692,0.0089,10,
40,FF,92.5,0.172,2.91,0,1,Shohei Ohtani,0.8699,0.8606,0.6689,0.5016,0.149,50,
40,FF,92.5,0.172,2.91,0,1,Aaron Judge,0.8419,0.8691,0.7035,0.5125,0.1253,50,
40,FF,92.5,0.172,2.91,0,1,Francisco Lindor,0.9384,0.9155,0.5499,0.4718,0.1879,50,
40,FF,92.5,0.172,2.91,0,1,José Ramírez,0.881,0.9195,0.4804,0.3887,0.1573,50,
40,FF,92.5,0.172,2.91,0,1,Jackson Merrill,0.929,0.8942,0.5856,0.4879,0.0553,50,
40,FF,92.5,0.172,2.91,0,1,Munetaka Murakami,0.9345,0.8893,0.4567,0.3795,0.0,0,
40,FF,92.5,0.172,2.91,0,1,Kevin McGonigle,0.9333,0.886,0.4498,0.3738,0.015,7,
41,FF,93.4,0.195,2.503,0,2,Shohei Ohtani,0.9291,0.915,0.7023,0.5983,0.0576,50,
41,FF,93.4,0.195,2.503,0,2,Aaron Judge,0.9363,0.9247,0.717,0.6194,0.0439,50,
41,FF,93.4,0.195,2.503,0,2,Francisco Lindor,0.9694,0.9382,0.5981,0.5438,0.1025,50,
41,FF,93.4,0.195,2.503,0,2,José Ramírez,0.9708,0.9374,0.5258,0.4779,0.0951,50,
41,FF,93.4,0.195,2.503,0,2,Jackson Merrill,0.9657,0.9323,0.6239,0.5627,0.0288,41,
41,FF,93.4,0.195,2.503,0,2,Munetaka Murakami,0.97,0.932,0.4737,0.4282,0.0,0,
41,FF,93.4,0.195,2.503,0,2,Kevin McGonigle,0.9695,0.9314,0.4748,0.4284,0.0021,4,
42,FF,92.6,-0.271,2.605,0,0,Shohei Ohtani,0.5048,0.8986,0.6831,0.3098,0.1927,50,
42,FF,92.6,-0.271,2.605,0,0,Aaron Judge,0.4858,0.9239,0.692,0.3129,0.17,50,
42,FF,92.6,-0.271,2.605,0,0,Francisco Lindor,0.3584,0.9357,0.4527,0.1522,0.2347,50,
42,FF,92.6,-0.271,2.605,0,0,José Ramírez,0.2924,0.9191,0.4482,0.1151,0.2223,50,
42,FF,92.6,-0.271,2.605,0,0,Jackson Merrill,0.5394,0.8971,0.5898,0.2868,0.1004,50,
42,FF,92.6,-0.271,2.605,0,0,Munetaka Murakami,0.5748,0.914,0.4923,0.2587,0.0,0,
42,FF,92.6,-0.271,2.605,0,0,Kevin McGonigle,0.5773,0.9129,0.4984,0.2633,0.012,14,
43,FF,90.5,-0.478,2.836,1,0,Shohei Ohtani,0.581,0.876,0.5515,0.2797,0.1249,50,
43,FF,90.5,-0.478,2.836,1,0,Aaron Judge,0.5197,0.9008,0.571,0.2675,0.1087,50,
43,FF,90.5,-0.478,2.836,1,0,Francisco Lindor,0.6181,0.9284,0.4325,0.2508,0.1392,50,
43,FF,90.5,-0.478,2.836,1,0,José Ramírez,0.6032,0.9408,0.324,0.1809,0.1483,50,
43,FF,90.5,-0.478,2.836,1,0,Jackson Merrill,0.6906,0.904,0.4552,0.284,0.0462,50,
43,FF,90.5,-0.478,2.836,1,0,Munetaka Murakami,0.6736,0.9078,0.3488,0.2132,0.0,0,
43,FF,90.5,-0.478,2.836,1,0,Kevin McGonigle,0.6733,0.9074,0.3487,0.2131,0.0004,1,
44,CH,85.5,0.224,2.164,1,1,Shohei Ohtani,0.9032,0.8215,0.515,0.3972,0.0411,33,
44,CH,85.5,0.224,2.164,1,1,Aaron Judge,0.8058,0.778,0.5428,0.3429,0.0913,50,
44,CH,85.5,0.224,2.164,1,1,Francisco Lindor,0.9112,0.8831,0.461,0.3719,0.0906,50,
44,CH,85.5,0.224,2.164,1,1,José Ramírez,0.8791,0.879,0.3733,0.291,0.0759,50,
44,CH,85.5,0.224,2.164,1,1,Jackson Merrill,0.9172,0.8753,0.4666,0.3754,0.0099,5,
44,CH,85.5,0.224,2.164,1,1,Munetaka Murakami,0.9154,0.8879,0.3819,0.3104,0.0,0,
44,CH,85.5,0.224,2.164,1,1,Kevin McGonigle,0.914,0.8854,0.3808,0.3095,0.0028,5,
45,CH,84.8,0.746,2.192,0,0,Shohei Ohtani,0.5412,0.6604,0.2395,0.0849,0.0194,21,
45,CH,84.8,0.746,2.192,0,0,Aaron Judge,0.4534,0.572,0.2272,0.0592,0.0937,50,
45,CH,84.8,0.746,2.192,0,0,Francisco Lindor,0.4338,0.7081,0.2069,0.0643,0.12,50,
45,CH,84.8,0.746,2.192,0,0,José Ramírez,0.2448,0.7563,0.1488,0.0273,0.1187,50,
45,CH,84.8,0.746,2.192,0,0,Jackson Merrill,0.575,0.7105,0.1826,0.0746,0.0004,1,
45,CH,84.8,0.746,2.192,0,0,Munetaka Murakami,0.5516,0.7188,0.1539,0.061,0.0,0,
45,CH,84.8,0.746,2.192,0,0,Kevin McGonigle,0.5515,0.7174,0.1536,0.0609,0.0019,2,
46,FC,87.9,-0.286,2.75,0,1,Shohei Ohtani,0.855,0.8872,0.5668,0.4303,0.066,50,
46,FC,87.9,-0.286,2.75,0,1,Aaron Judge,0.8124,0.8727,0.6095,0.4317,0.0789,50,
46,FC,87.9,-0.286,2.75,0,1,Francisco Lindor,0.9006,0.8865,0.4025,0.3262,0.1395,50,
46,FC,87.9,-0.286,2.75,0,1,José Ramírez,0.8558,0.9184,0.3681,0.2917,0.1148,50,
46,FC,87.9,-0.286,2.75,0,1,Jackson Merrill,0.9149,0.9044,0.4508,0.3763,0.0436,41,
46,FC,87.9,-0.286,2.75,0,1,Munetaka Murakami,0.9164,0.8893,0.3819,0.3113,0.0,0,
46,FC,87.9,-0.286,2.75,0,1,Kevin McGonigle,0.9155,0.8895,0.3811,0.3106,0.0021,2,
47,CH,83.3,0.445,2.66,0,0,Shohei Ohtani,0.5742,0.803,0.4779,0.2197,0.019,18,
47,CH,83.3,0.445,2.66,0,0,Aaron Judge,0.4567,0.7188,0.4678,0.1519,0.0959,50,
47,CH,83.3,0.445,2.66,0,0,Francisco Lindor,0.4218,0.8258,0.3609,0.1248,0.1024,50,
47,CH,83.3,0.445,2.66,0,0,José Ramírez,0.2274,0.8421,0.294,0.0559,0.119,50,
47,CH,83.3,0.445,2.66,0,0,Jackson Merrill,0.5883,0.8279,0.3816,0.1862,0.0008,1,
47,CH,83.3,0.445,2.66,0,0,Munetaka Murakami,0.5816,0.8449,0.3123,0.1535,0.0,0,
47,CH,83.3,0.445,2.66,0,0,Kevin McGonigle,0.5815,0.8438,0.3119,0.1533,0.0013,2,
48,FC,89.0,-0.507,2.358,0,1,Shohei Ohtani,0.79,0.9177,0.5632,0.4103,0.0688,50,
48,FC,89.0,-0.507,2.358,0,1,Aaron Judge,0.7357,0.8916,0.5708,0.3765,0.083,50,
48,FC,89.0,-0.507,2.358,0,1,Francisco Lindor,0.8738,0.916,0.3944,0.3197,0.1164,50,
48,FC,89.0,-0.507,2.358,0,1,José Ramírez,0.8091,0.932,0.3419,0.2584,0.0993,50,
48,FC,89.0,-0.507,2.358,0,1,Jackson Merrill,0.8679,0.9315,0.4263,0.3465,0.0443,41,
48,FC,89.0,-0.507,2.358,0,1,Munetaka Murakami,0.8763,0.932,0.3488,0.2848,0.0,0,
48,FC,89.0,-0.507,2.358,0,1,Kevin McGonigle,0.8765,0.9321,0.3483,0.2844,0.0014,1,
49,SL,83.2,-0.757,2.307,0,0,Shohei Ohtani,0.4759,0.7693,0.3638,0.134,0.1526,50,
49,SL,83.2,-0.757,2.307,0,0,Aaron Judge,0.3475,0.7263,0.4672,0.1179,0.1037,50,
49,SL,83.2,-0.757,2.307,0,0,Francisco Lindor,0.3238,0.8231,0.3465,0.094,0.121,50,
49,SL,83.2,-0.757,2.307,0,0,José Ramírez,0.1921,0.8737,0.2364,0.0397,0.1159,50,
49,SL,83.2,-0.757,2.307,0,0,Jackson Merrill,0.5031,0.8483,0.286,0.1246,0.0842,50,
49,SL,83.2,-0.757,2.307,0,0,Munetaka Murakami,0.4726,0.8627,0.2455,0.1001,0.0,0,
49,SL,83.2,-0.757,2.307,0,0,Kevin McGonigle,0.4722,0.8634,0.2496,0.1017,0.0054,5,
